com,638
\n,630
companymid,619
mw,462
.,376
english,286
security,281
sameas,269
kcdn,259
java,229
sap,224
database,223
gmbh_kcdn,212
computer_science,207
flexible_working,205
samea,198
big_data,195
engineering,182
strategy,172
report,164
global,159
data_science,157
internet_it,154
gif_vienna,146
vienna_vienna,144
consulting,143
machine_learning,137
sql,137
consultant,136
business_intelligence,134
big_datum,134
cloud,133
reporting,132
analytical,132
e._g,127
risk,124
wm,121
programming,121
data_scientist,116
project_management,114
analytic,110
automotive,108
python,106
datum_analysis,102
worldwide,101
analyze,101
strategic,100
bi,93
epunkt,89
medical,89
ag_kcdn,89
fm,89
gif_wien,88
analytics,84
andor,83
data_analyst,81
bank,80
c,80
wien_wien,78
software_developer,75
statistic,72
550200_fulltime,72
20180323t00_37,71
presentation,71
000200_fulltime,69
employee_event,68
20180326t00_35,68
programming_language,67
230100_fulltime,67
gif_linz,66
statistical,64
hadoop,64
flexible_hours,61
scientific,61
r,60
fulltime_vienna,59
20180319t00_35,59
digital_transformation,58
scrum,58
microsoft,57
0,57
english_skill,57
personnel_services,56
home_office,56
gif,55
datum_mining,55
simulation,55
consult,55
software_engineering,54
car,54
480100_fulltime,53
tmobile_austria,52
eur_2,52
flexible_arbeitszeiten,50
salzburg_salzburg,50
semiconductor,46
sensor,46
manufacturing,46
gif_salzburg,46
knowhow,46
segment,46
company_doctor,45
tel_43,45
services_gmbh,45
risk_management,45
banking,44
excel,44
mathematic,44
computer_vision,43
analyz,43
data_warehouse,42
38_5,42
technical_education,41
oracle,41
0,41
280100_fulltime,41
sap_bw,40
analyst,40
sas,40
act_as,39
consultant_mw,39
an_agile,39
electrical,39
world_lead,38
hour_home,38
aus_und,37
warehouse,37
jpg_vienna,36
rbinternational,36
bank_international,36
20180316t00_36,36
programming_skill,36
gmbh,35
elektronik_automatisation,35
good_connection,35
electronic_industry,35
ms_office,35
entry_level,34
to_bewerbung,34
banken_finanz,33
employee_cell,33
translate,33
1_sameas,33
586_gross,33
analytical_thinking,32
technologies_austria,32
employee_bonus,32
1100,32
comaustria,32
electronic,32
nosql,32
sparic,32
transport,32
österreichische_warenhandelsag,31
atcompany1089011656293logosparbusinessservice,31
docker,31
5015_european,31
health_measures,31
europastraße_3,31
manufacturer,31
ics_business,31
20180320t00_36,31
dynamic_itunit,31
5015_salzburg,31
cloud_mobile,31
route_3,31
trade_spar,31
kvminimum_would,31
shopping_centers,31
in_eight,31
analytical_skill,31
linz_upper,31
6_atrium,30
recruiting_kcdn,30
euro_per,30
kantine_flexible,30
epunkt_internet,30
jpg_villach,30
atcompany1682296456logoinfineontechnologiesau,30
job_1,30
atcompany641538013logoepunktinternetrecruit,30
industry_4,30
9500,30
budget,30
microelectronic_from,30
business_analyst,30
greener_with,30
engineer_mw,30
supplementary_insurance,30
4020_harrachstraße,30
gif_graz,29
drinks_fruit,29
matlab,29
autonomous,29
gute_anbindung,29
kpi,29
advertisement_on,29
fulltime_linz,28
icsheadquarter,28
collaborate_with,28
energy_environmentallyfriendly,28
notebook_accessibility,28
siemensstraße_2,28
arbeitszeiten_infineon,28
samea_infineon,28
salary_range,27
stateoftheart,27
000100_fulltime,27
eur_3,27
310100_fulltime,27
logistic,27
be_best,26
equip_for,26
iot_big,26
mathematic_statistic,26
range_from,26
bigdata,26
data_analytic,26
000_gross,26
1120,26
drive_electric,25
radar_signal,25
57,25
advertising,25
educational_leave,25
connected_car,25
security_microcontroller,25
safetycritical_datum,25
partly_selfdriv,25
handson,25
graz_styria,25
fitness_offer,25
thesis,25
electric_vehicle,25
data_analytics,25
deliver_endtoend,25
small_battery,25
emobility,25
assistance_system,25
enable_radarbas,25
mentor_mentoring,25
logistics,25
parttime,25
advanced_driver,25
employee_gift,25
develop_highvalue,25
radar_sensor,25
recommendation,24
tableau,24
tmobile,24
what_make,24
real_estate,23
fulltime_wien,23
company_car,23
to_disclose,23
presentation_skill,23
mathematics,22
english_speak,22
datum_protection,22
worklife_balance,22
cloud_monitoring,22
early_possible,22
media_house,22
jpg,22
relational_database,22
all_relevant,22
b._h,21
forecasting,21
scientist,21
atarbeitsweltkvtabellenstatistikmindestloehne,21
mathematical,21
open_source,21
mentorenprogramm_parkplatz,21
developer_mw,21
shopping,21
time_p,21
shop,21
atcompany158261973525logo,20
xe2x80x93,20
classification,20
jpg_wien,20
statistics,20
android,20
machine_learn,20
speak_english,20
weiterbildung_mitarbeiterevents,20
vehicle,20
analyse,20
datum_modeling,20
deep_learning,20
313_samea,20
personnel_service,20
4040_freistädter,20
first_professional,20
to_hear,20
co._at,19
170100_fulltime,19
pleased_to,19
png,19
rd,19
1,19
engine,19
20180315t00_36,19
ms_sql,19
behavior,19
phone_employee,19
immediatelytype,19
ai,19
globe,19
english_language,18
excellent_analytical,18
i,18
gross_p,18
fulltime_graz,18
manager_mf,18
magnetic_sensor,18
mentor_program,18
1030_am,18
koncept,18
versicherung_raiffeisen,18
tensorflow,18
cloud_platform,18
styria_at,18
stadtpark_9,18
scala,18
atcompany3925351926logoraiffeisenbankinternat,18
mitarbeiterhandy_mitarbeiternotebook,18
mental_health,18
5,18
world_large,17
00_000200,17
drive_innovation,17
natural_language,17
vba,17
virtualization,17
food_supplement,17
handson_mentality,17
knowcenter,17
enterprise_data,17
be_proud,17
datum_source,17
p._a,17
will_find,17
java_8,17
autonomous_driving,17
completely_new,17
cluster,17
8020_hanslistplatz,16
kafka,16
apache,16
t_43,16
40,16
industrie_produktion,16
follow_task,16
web_developer,16
atcompany38991148532logoavllist,16
product_category,16
company_pension,16
mechanical_engineering,16
automotive_atv,16
php,16
deep_knowledge,15
german_language,15
entrepreneurial,15
4020,15
parking_lot,15
austria_ag,15
redbull,15
global_leader,15
gif_wr,15
highquality,15
car_truck,15
500_gross,15
neudorf_2355,15
research_center,15
predictive,15
monitoring_aipowered,15
dr,15
personal_style,15
eaton,15
program_parking,15
solution_architect,15
technical_documentation,15
java_developer,15
meal_allowance,15
rewe_international,15
automotive_industry,15
financial_services,15
attention_to,15
atkarriere,15
datum_visualization,15
4_0,15
barrierefreiheit_paten,15
any_other,15
an_equal,14
60_000,14
see_salzburg,14
architect_mw,14
technical_study,14
telecom_food,14
unifh,14
linux_system,14
world_leader,14
statistical_analysis,14
write_communication,14
linuxunix,14
python_developer,14
20180312t00_36,14
over_171,14
state_minimum,14
mentoring_program,14
engineer_mf,14
betriebsarzt_psychische,14
energy_drinks,14
energy_industry,14
good_connections,14
robot,14
manufacture,14
1030_rennweg,14
msoffice_knowledge,14
340100_fulltime,14
medel,14
msoffice,14
currently_look,14
start_from,14
biotech,14
well_found,14
firmenwagen_mitarbeiterhandy,14
health_measure,13
bachelor_or,13
other_industries,13
hive,13
isg_personalmanagement,13
make_sure,13
steiermark_at,13
an_impact,13
game,13
mysql,13
mitarbeitervergünstigungen_mitarbeiterprämien,13
financial_institution,13
bull_gmbh,13
sap_bi,13
gmbh._freistädterstraße,13
s._k,13
it_solutions,13
hays,13
bawag_p,13
fuschl_be,13
bawagpsk,13
opportunity_employer,13
59,13
permanent_employment,13
92,13
gesundheit_fitnessangebote,13
behavioral,13
knowledge_discovery,13
organizational_skill,13
gmbh_human,13
9799_samea,13
only_launch,12
1987_red,12
bull_not,12
predictive_analytic,12
190100_fulltime,12
sql_server,12
mrs,12
telekom_snacks,12
an_ambitious,12
am_brunnen,12
medicine,12
consultancy,12
ms_excel,12
governance,12
over_6,12
contact_ms,12
travel_up,12
fhuni,12
challenging_job,12
adhoc,12
perl,12
phone_staff,12
png_wien,12
staff_cell,12
committed_personality,12
main_task,12
company_physician,12
customer_satisfaction,12
law_taxes,12
itsv,12
20180321t00_36,12
wienit,12
2,12
marketing_sale,12
training_childcare,12
close_collaboration,12
cv_include,12
snacks_drinks,12
banks_finance,12
advancement_opportunity,12
qualification_we,12
same_time,12
kcdn_atcompany27111115955logotmobileaustria,12
company_cars,12
word,12
telecom_canteen,12
an_explanation,11
therefore_significantly,11
stand_for,11
integration_into,11
organisation_red,11
wood_products,11
phone_employees,11
country_sell,11
profitability,11
redbullmediahouse,11
measures_company,11
weiterbildung,11
graz_steiermark,11
globally,11
lead_ever,11
interact_with,11
new_york,11
pressure_sensor,11
oberösterreich_at,11
manager_fm,11
obj,11
also_pleased,11
obst_gesundheitsmaßnahmen,11
getränke_obst,11
villach_kärnten,11
rewegroup,11
bull_employ,11
uml,11
experience_includes:(proven,11
essenszulage_getränke,11
billion_can,11
1150,11
tick,11
mitarbeiterprämien_verkehrsmittelzuschuss,11
forum_for,11
9,11
python_r,11
unique_opportunity,11
new_perspective,11
spss,11
at_rewegroup,11
nowadays_red,11
traveller,11
performancerelat_salary,11
well_trust,11
eur_50,11
segmentation,11
training_child,11
str_3,11
specifically_relevant,11
soa,11
electronic_automation,11
whole_new,11
cicd,11
20180322t09,11
semiconductor_industry,11
industriezentrum_nösüd,11
e_different,11
worklifebalance,11
schedule_fulltime,11
credit_risk,11
atcompany5086316489logoreweinternationalag,11
11500_people,11
next_opportunity,11
marketoriented_salary,11
job_number,11
java_c,10
distribute_system,10
gaming,10
electronics_automation,10
19,10
search_engine,10
then_please,10
what_matter,10
i._e,10
11_samea,10
consultation,10
transportation_grant,10
handelskai_92,10
devops_engineer,10
retail_risk,10
d,10
jmdata,10
convince_by,10
we_look,10
telecom_snacks,10
50,10
personalberatung_kcdn,10
watson,10
mapreduce,10
cybersecurity,10
backend_developer,10
mobile_app,10
sap_module,10
business_units,10
transmission,10
robotic,10
presales,10
databases,10
paten_mentorenprogramm,10
system_landscape,10
austrian_law,10
itkv,10
global_blue,10
realtime,10
competitive_salary,10
after_complete,10
relational,10
nlp,10
linz_oberösterreich,10
young_dynamic,10
information_systems,10
social_media,10
300_employee,10
engineer_wm,10
3,10
data_driven,10
versatile_task,10
04_2018,10
this_connect,10
what_await,10
feei,10
indepth,10
sql_nosql,9
nosql_database,9
permit,9
vace,9
hoursweek,9
belvedere_1,9
1_500,9
58,9
all_qualified,9
scrum_master,9
selfdriv,9
measures,9
decision_make,9
color_national,9
20180321t15,9
across_various,9
improvement_measure,9
s._oliver,9
2_samea,9
marketing_campaign,9
co_design,9
receive_consideration,9
electric_motor,9
via_email,9
sap_bo,9
several_month,9
include_cover,9
wiener_stadtwerke,9
comat,9
at_mimo,9
job_solvista,9
eur_39,9
eur_40,9
construction_real,9
street_14,9
work_arrangement,9
endtoend,9
presale,9
propulsion_system,9
consultants,9
user_acquisition,9
01_2018type,9
engine_transmission,9
electronics,9
customer_journey,9
pi,9
at_ato,9
automotive_segment,9
arbeitszeiten_home,9
think_outside,9
leibnitz,9
uniqa_insurance,9
childcare,9
saas,9
insurance_canteen,9
cuttingedge,9
allin,9
mongodb,9
bachelor_degree,9
digital_advertising,9
boehringer_ingelheim,9
kubernetes,9
node,9
mr,9
transaction_service,9
banks_financial,9
under_pressure,9
cisco,9
fulltime_klagenfurt,9
etl_process,9
9_sameas,9
hybrid_combustion,9
magnetic,9
academic_education,9
wide_variety,9
tcpos,9
fulltime_salzburg,9
microsoft_azure,9
bitmovin,9
external_stakeholder,9
commerce_education,9
statistical_method,9
employeeevents_funcorner,9
multicultural_environment,9
will_feel,9
sex_sexual,9
bi_consultant,9
design_pattern,8
kantine,8
microelectronics,8
advanced_analytic,8
tackle_such,8
detect,8
electricalelectronic_engineering,8
forecasting_model,8
rbi_ag,8
attach_great,8
logistic_insurance,8
16_samea,8
global_medium,8
kg_kcdn,8
st,8
canteen_food,8
performance_computing,8
globally_successful,8
netdeat,8
enable_self,8
top_13,8
comcareer,8
apache_spark,8
sonstige_branchen,8
third_party,8
one_another,8
1070_neubaugasse,8
ptconnect,8
estate_building,8
other_opinion,8
20180322t00_36,8
java_script,8
scientific_advisor,8
globalblue,8
education_chemical,8
transport_logistic,8
on_purchase,8
4232_softwarepark,8
intensive_training,8
m,8
ingdiba,8
salesforce,8
220_employee,8
operations_engineer,8
resultorient,8
value_cultural,8
allowance_health,8
advanced_analytics,8
austrias_most,8
recognize_by,8
getyourguide,8
journey_continue,8
siemen,8
betriebliche_altersvorsorge,8
race_or,8
continuously_improve,8
50_000,8
employment_without,8
knowcenter_gmbh,8
iz_nösüd,8
g.,8
gif_hagenberg,8
johnson_johnson,8
biology,8
digitization_strategy,8
own_worklife,8
exciting_challenge,8
teamorient,8
14_million,8
österreich_gmbh,8
youll_work,8
round_off,8
20180313t00,8
pharma_chemie,8
60,8
inffeldgasse_136,8
ideal_profile,8
proactive_wo)man,8
predictive_model,8
mitarbeiternotebook_paten,8
infographic,8
gpu,8
warehousing,8
pick_up,8
telekom_kantine,8
web_operations,8
35_430100,8
pmone_ag,8
atjob,8
transportation,8
12_billion,8
age_ethnicity,8
benefit_enthuse,8
versicherung,8
atcompany7967383712logoato,8
fitness_offers,8
mixedsignal,8
top_employer,8
welcome2villach,8
political_or,8
banking_group,8
leave_flexible,8
predictive_analytics,8
hours_tmobile,8
approximately_€,8
undoder,8
sap_hcm,8
untere_donaustraße,8
r_python,8
origin_religion,8
bawag,8
data_governance,8
mechatronic,8
oracle_database,8
employee_loans,8
direct_report,8
mechanical,8
tailor_professional,8
telecom_fruit,8
valid_work,8
393,8
katrin_riegler,8
bernardgasse_2,8
1210_siemensstr,8
45_000,8
innovative_saas,8
geographic_location,8
14_cee,8
regulatory_requirement,8
sap_fi,8
groupwide,8
logistics_transportation,8
schulmeisterconsult,8
project_simultaneously,8
cuttingedge_technology,8
square,7
000eur,7
1020_rustenschacherallee,7
u._a,7
canteen_snacks,7
campaign_manager,7
letter_cv,7
55_000,7
jpg_fuschl,7
micardo,7
design_validation,7
strategic_thinking,7
h_feei,7
insights,7
notebook,7
fastpaced,7
atcompany2113377789logoa1telekomaustria,7
ict,7
webrocket,7
user_story,7
bitools,7
getränke,7
short_term,7
selfmotivat,7
r.,7
tax_free,7
prototyp,7
eur_4500,7
niederösterreich_at,7
what_we,7
two_year,7
collective_bargaining,7
exclude_overtime,7
walssiezenheim_salzburg,7
open_culture,7
handel_red,7
hours_employee,7
3_samea,7
improve_exist,7
have_arouse,7
1020_lassallestraße,7
siemens_ag,7
46_500,7
five_year,7
lot_good,7
clientserver,7
collegiate_team,7
porsche_informatik,7
material_master,7
kanban,7
100_country,7
resources_attn,7
version_control,7
emarsys,7
open_exchange,7
global_blues,7
employee_cellphone,7
mathematics_statistics,7
7_year,7
well_verse,7
opencv,7
digital_factory,7
kantine_betriebsarzt,7
atcompany79296362logoisgpersonalmanagementgmb,7
cost_reduction,7
e_familiar,7
netueberunskarriere,7
siemensstrasse,7
corporate_finance,7
atcompany2408296495logoredbullgmbh,7
mathematics_physics,7
bildungskarenzauszeit_flexible,7
environmental,7
ux_designer,7
copadata,7
open_communicative,7
20180321t14_31,7
visual_basic,7
mitarbeitervergünstigungen,7
bank_steering,7
45,7
netueberunsjob,7
tsql,7
year_201617,7
online_bewerbenfollow,7
see_5330,7
entrepreneurial_thinking,7
atcompany35624390202logoredbullmediahousegmbh,7
strategic_direction,7
mimo,7
rewemember_benefit,7
og_sameas,7
an_integral,7
our_offer,7
versicherung_erste,7
aerospace,7
research_institution,7
1115,7
challenge_together,7
canteen_health,7
employees_notebook,7
capital_market,7
gesundheitsmaßnahmen,7
transportation_subsidy,7
phone_43,7
employeeevents_educational,7
decision_maker,7
gif_stuttgart,7
sap_hana,7
predictive_maintenance,7
oebb,7
54_gross,7
knowledge_especially,7
automobile,7
user_manual,7
distribution_channel,7
strasse_52,7
clustering,7
transport_subsidy,7
think_self,7
however_depend,7
location_fuschl,7
jpg_wals,7
quality_conscious,7
bidwh,7
quick_comprehension,7
österreichische_post,7
high_fee,7
doctor_fitness,7
parkbob_gmbh,7
visual_ux,6
42_000,6
mathematical_method,6
cando,6
porr_ag,6
longterm_assignment,6
msd,6
mischkonzern_kantine,6
opensource,6
bucharest_where,6
serverside,6
large_volume,6
academic_degree,6
ic_fm,6
engineer_fm,6
drinks_health,6
achenseestraße_13,6
hdfs,6
miss_knowledge,6
pleasant_variety,6
und_weiterbildung,6
verkehrsmittelzuschuss,6
7,6
essential_responsibilities,6
event_reliable,6
480100,6
study_transcript,6
mitarbeiternotebook,6
g_feei,6
atcompany15483171824logohofer,6
serverbackend,6
333,6
problemsolv,6
country_worldwide,6
austrias_large,6
pytorch,6
early_supplier,6
bei_salzburg,6
hofer_academy,6
respect_empathy,6
ims_nanofabrication,6
low_emission,6
hybrid_cloud,6
commercial_insights,6
easy_access,6
2_500,6
tune,6
celebrate_success,6
treustrasse_2224,6
value_​​connect,6
480_branch,6
more_affordable,6
yearly_reference,6
iiot,6
put_great,6
wiener_neustadt,6
engine_hmi,6
snack,6
ipv6_nosql,6
reports,6
kapsch_businesscom,6
security_vulnerability,6
aipowered_distributed,6
keep_track,6
haag_low,6
railway,6
staff_canteen,6
kitchen_appliances,6
diversify_technical,6
scientists,6
presilicon_verification,6
aipowered,6
atcompany841422066793logo,6
global_rd,6
hapeko,6
relational_andor,6
usability_test,6
personnel_resource,6
always_find,6
vibrant_rd,6
self_employ,6
remote_control,6
career_starter,6
porrgroup,6
post_processing,6
recognition_flexibility,6
power_near,6
job_posting,6
regular_teambuilding,6
senior_systemconcept,6
person_mathias,6
inclusion_into,6
weiterbildung_kinderbetreuung,6
special_feature,6
trade_fruit,6
cash_carry,6
homeoffice,6
semantic_web,6
budgeting,6
4642_hofer,6
gmbh._a1020,6
sensor_chip,6
cee_language,6
programmer,6
hadoop_clustering,6
hofer_kg,6
contract_type,6
check_out,6
potential_passion,6
wuggl_gmbh,6
over_30,6
legal_instruction,6
jenbach_tirol,6
bitter,6
czech_republic,6
over_120,6
fiedler_43,6
mitarbeiterbeteiligung,6
label,6
earth_observation,6
recreational_opportunity,6
particular_cover,6
20180406t07,6
powerbi,6
absberggasse_47,6
employer_under,6
telekom_essenszulage,6
hexagon,6
motion,6
microsoft_excel,6
rapidly_expand,6
jobid,6
private_sphere,6
regional_analytics,6
erstegroupit,6
canteen_meal,6
rs,6
68,6
wholly_owned,6
ge_power,6
san_francisco,6
leonding_upper,6
medium_sized,6
analyst_mw,6
desire_characteristics,6
chatbot,6
setup_instruction,6
jenbach_6200,6
willis_towers,6
ventum_consulting,6
special_commitment,6
organizational_unit,6
bivariate,6
over_10,6
notebook_mentor,6
noneu_citizen,6
bachelor_thesis,6
sw_architecture,6
scikitlearn,6
nodejs,6
deliver_environmental,6
parkplatz_gute,6
gross_annually,6
eur_33,6
po_box,6
medien_verlagswesen,6
vehicle_construction,6
testfuchs,6
success_factor,6
maintainability_level,6
490200_fulltime,6
you`ll,6
microcontroller,6
cost_estimate,6
aws_azure,6
appropriate_effective,6
hay,6
email_bewerbung,6
final_matura,6
gas_compression,6
mitarbeitergeschenke_ge,6
experienced_colleague,6
fiddler,6
atcompany422367508logobawagpsk,6
mitarbeitergeschenke,6
matrix,6
hours_home,6
mass_production,6
"11,000_employee",6
piavalentina,6
todayexpert,6
fieldwork,6
90_samea,6
identity_access,6
zusatzversicherungen,6
smarterecommerce,6
anbindung_aus,6
fair_compensation,6
6_billion,6
office_space,6
105_mathia,6
1,6
cancer,6
spend_up,6
swarovski_stand,6
drink_fruit,6
keras,6
rivergate,6
sabbatical_last,6
manager_chip,6
statistics_mathematics,6
largescale,6
significant_contribution,6
year_ago,6
because_common,6
cover_every,6
ivm_technical,6
png_sattledt,6
api_consumer,6
areas_that,6
disaster,6
collaborative_way,6
authentic,6
multi_asset,6
schottenring,6
private_individual,6
8010_graz,6
assessment_coaching,6
000_00,6
bachelorsmasters_degree,6
rmd_analytics,6
atcompany1105922319966unbenannt6,6
ges_reciprocating,6
fuel_flexibility,6
attractive_premium,6
"3,6",6
solvistas_gmbh,6
sass,5
retirement,5
bull_media,5
advertise,5
human_resource,5
phoron,5
atcompany17459421742logosolvistasgmbh,5
mitarbeiterprämien_zusatzversicherungen,5
mitarbeiterprämien,5
1211,5
austria_gmbh,5
asp,5
selfmotivation,5
derwid,5
192,5
detailoriented,5
eur_42,5
genre,5
dax30,5
4,5
bulls,5
koch,5
180200,5
you.you,5
gesundheitsmaßnahmen_betriebsarzt,5
c.,5
uptodate,5
softwarepark,5
stora,5
farmdok,5
cloudbas,5
a1070,5
gesundheitswesen,5
unixlinux,5
1110,5
nonprofit,5
inspirational,5
tirol_at,5
that_play,5
staff_notebook,5
fitnessangebote_firmenwagen,5
20180427t09,5
htlfh,5
xc2xbb,5
fastgrow,5
6,5
europaplatz,5
britain,5
itconsultant,5
oeticket,5
310100,5
atcompany8161296891logosiemensagsterreich,5
dmp,5
fruit_health,5
oberstlepperdingerstraße,5
102,5
analystin,5
analyzing,5
eclipseintellij,5
43,5
basis).profile,5
350-person,5
soravia,5
quarter,5
1_a5330,5
rustenschacherallee_38,5
loan,5
online_here,5
21163,5
rhi,5
treasury,5
marx,5
altersvorsorge_mitarbeitervergünstigungen,5
zentrum,5
lemböckgasse,5
olap,5
opendoor,5
transport_connection,5
salary_between,5
43112,5
food_allowance,5
grossmonat,5
soziales,5
dukultur,5
psk,5
voltage,5
digitalberatung,5
prediction,5
eur_41,5
concretely,5
sports,5
supplement_snacks,5
highperformance,5
outofthebox,5
canteen_flexible,5
vollzeit,5
meantime,5
wienerbergstraße,5
grocery_retailer,5
fitnessangebote,5
898,5
employ_more,5
linz_4020,5
431,5
sdmm,5
gratkorn,5
forschungskv,5
5071,5
8020,5
haglerroittner,5
mitarbeiternotebook_barrierefreiheit,5
tcpip,5
law_firm,5
magnesita,5
"1,2",5
1050,5
cx,5
tsystems,5
donaucitystraße,5
obst_mitarbeiterhandy,5
betriebsarzt,5
pt,5
desert,5
nxp,5
solutionoriented,5
rebel,5
523_82,5
fullstack,5
datacenter,5
office_betriebliche,5
70176,4
thornton,4
8,4
grossmonth,4
20180425t10,4
lkwwalter,4
830,4
atcompany833753295899logoglobalblueregular,4
atcompany1979497206logolkwwalter,4
at2355,4
furnace,4
atcompany36032294638logokpmgoesterreich,4
55,4
6020,4
accessibility_mentor,4
brainfood,4
developer_wm,4
funcorner,4
crif,4
productionlevel,4
ait,4
billionemployee,4
3binfra,4
20180423t15,4
bibw,4
atcompany4985342840logosterreichischepostag,4
userfriendly,4
thorkheimer,4
bot,4
numpy,4
craftwork,4
hakhtl,4
572,4
commasterandphdthesis,4
phdmsbs,4
wolfganggasse,4
resultsorient,4
360,4
1top,4
designers.work,4
502,4
65,4
interessiert,4
popculture,4
wienumgebung,4
karriere,4
squad,4
ebnerplatz,4
atcompany66893233279nandnovomaticcenteredrgb,4
attnangpuchheim,4
5860,4
selfdriven,4
2d3d,4
atcompany27952278426logoupc,4
pmonetrainingscenter,4
havas,4
j2ee,4
stellenid,4
300100,4
ssc,4
cup,4
pavelkadenk,4
especially_ms,4
compose,4
salzburgverkehr,4
guglgasse,4
grantthornton,4
para,4
alphaitc,4
amendment,4
fastpac,4
aristid,4
movie,4
mssql,4
atcompany1137133194523unbenannt6,4
industrialization,4
262,4
zusatzversicherungen_mitarbeitergeschenke,4
2352,4
mavengradle,4
r_matlab,4
strategically,4
certifications,4
indoo,4
77a,4
atcompany439261572264logokompetenzzentrumfrwi,4
hearing,4
p._m,4
00month,4
rochusplatz,4
200,4
autonomy,4
athlete,4
schaftenau,4
ikarus,4
biastoaction,4
mentors,4
louisepixc3xabchstreet,4
times,4
xc2xbbproduction,4
gv,4
ssp,4
comkarriere,4
plc,4
21_4232,4
7a,4
softwareag,4
67,4
environmentally,4
40200,4
allegro,4
itsap,4
431585370024,4
130200,4
corner,4
marketing).you,4
transmitter,4
5hr,4
atcompany71081819637logopmonegmbh,4
linkresearchtools,4
rbmn,4
essenszulage_snacks,4
schloßstraße,4
4366460405647,4
xe2x80x9ept,4
retarget,4
282,4
db,4
youxc2xb4ll,4
nutrition,4
nonfunctional,4
hrconsulting,4
shopper,4
porcelain,4
transmission_electric,4
transportorganisation,4
biotechnology,4
analyst_mf,4
80,4
lenze,4
zieglergasse,4
sberbank,4
elsbethen,4
facilities,4
fulltime_parttime,4
ri,4
mayrhofer,4
mill,4
healthcarerelated,4
430200,4
metalworking,4
atcompany2776296513logounitispersonalberatung,4
ag_found,4
330200,4
mathworks,4
beratung,4
industrie,4
gerhardbronnerstraße,4
eur_45,4
bestknown,4
130,4
"1,1",4
security_incident,4
org,4
generous,4
38,4
prototypelevel,4
selforganiz,4
atcompany36483177564logos,4
metals,4
j,4
mitarbeiterevents_funcorner,4
various_novomatic,4
debugging,4
decisionmak,4
officeooe,4
bidding,4
ssi,4
20180314t00,4
613,4
emarsy,4
eur_3100,4
fulltime_hagenberg,4
atcompany27733261512uniqua,4
atcompany50818501022logorandstadpersonalberat,4
cad,4
7788,4
infineon_technologies,4
getränke_gesundheitsmaßnahmen,4
fep,4
biaffinity,4
lithography,4
leadingedge,4
82,4
230100,4
farmer,4
trummer,4
2785,4
fürstenweg,4
squadra,4
praterstraße,4
government,4
executives,4
thomasklestilplatz,4
mariajacobigasse,4
goaloriented,4
tugraz,4
wächtergasse,4
htlunifh,4
lotteries,4
snacks,4
scientist_wm,4
diabetes,4
948,4
meteorology,4
ssis,4
smartassistant,4
solvista,4
doctor_mental,3
bg,3
biological,3
eur64,3
qualificationsrequirement,3
insane,3
340100,3
atcompany11941422741logoimsnanofabricationag,3
mysugr,3
psychische_gesundheit,3
malware,3
gumpendorfer,3
487,3
br,3
child_care,3
kiln,3
zwoelferkaltenbrunner,3
digitalindustry,3
referral,3
qualificationsrequirements,3
kokalj@avl,3
edge_technology,3
objectoriented,3
1freyung,3
analogmixed,3
cleansing,3
sap_united,3
rolloutmanager,3
iot,3
la,3
fst,3
analysisaffinity,3
portfolioapply,3
objectorient,3
atcompany83588870895logofraunhoferaustriarese,3
xe2x80x9ezukunft,3
banks,3
nosql)experience,3
785,3
hague,3
craft,3
550200,3
sapjob,3
maternity,3
schrems,3
lithographic,3
neurology,3
keyuser,3
18_samea,3
360200,3
businesspark,3
karoh,3
lidd1,3
240200,3
deine,3
poc,3
engineeringmechanical,3
optichannel,3
criticalsafety,3
460200,3
440200,3
matlabsimulink,3
tensor,3
adasad,3
salzburgumgebung,3
experience.pmone,3
theventury,3
1015,3
entrepreneurship,3
südsteiermark,3
favourite,3
20180417t10,3
universityfh,3
204,3
lorenz,3
250200,3
atcompany13705439557logowienitedvdienstleistu,3
gross_euro,3
melchior,3
toolkit,3
biopharma,3
662,3
201617,3
leoben,3
500200,3
70,3
95,3
webservices,3
itchange,3
versand,3
a8010,3
minimal,3
20180409t07,3
datascience,3
selfinitiative,3
mambaby,3
20180411t12,3
xc2xbbdigital,3
fmcg,3
atcompany1078831375734logoparkbobgmbh,3
publicis,3
atcompany2377357625logopwcsterreich,3
conscious,3
mitarbeiterevents_flexible,3
entrepreneur,3
financial_insurance,3
.you,3
biopharmaceutical,3
wisely,3
zone,3
20180326t00,3
juggle,3
200200,3
albersdorfprebuch,3
20180417t07,3
vbscript,3
policiesstandardsguideline,3
forschung,3
ics,3
hisher,3
kundl,3
modeler,3
expertsenior,3
prosiebensat,3
poststrasse,3
patterns,3
srm,3
topit,3
flux,3
bergheim,3
collectionsworkout,3
accelerator,3
itteam,3
productsprovide,3
competently,3
optical,3
7779,3
grants,3
walcherstraße,3
atcompany50062168821logo,3
porscheinformatik,3
687,3
highlight,3
vert,3
selfdriving,3
marxergasse,3
nutshellas,3
json,3
369,3
highfrequency,3
datacentre,3
novartis,3
sumo,3
"1,35",3
5021,3
henry,3
atcompany6922486024logosoftwarecompetencecent,3
chip,3
innovationsstraße,3
at!.,3
bipolarrfcmos,3
242,3
mitarbeiterevents,3
sao,3
verificationvalidation,3
20180406t12,3
carpenter,3
doesn,3
automatically,3
hacking,3
54,3
raspapproach,3
black,3
faqs)provide,3
190200,3
atcompany3900505171logohutchisondreiaustriagm,3
atcompany3231433343logohaysag,3
ghz).in,3
highspeed,3
testdriven,3
atcompany824293200818neu,3
160200,3
8141,3
irritant,3
atportaldebottomnaviueberdreikarriere,3
atcompany13112093525logo,3
a1220,3
not_mandatory,3
softwarepark_21,3
sensors,3
messenger,3
a1029,3
greentecservice,3
itproject,3
atcompany301296388logoandritzag,3
"1,7",3
wissenschaft,3
predict,3
portatour,3
salzkammergut,3
analogdigital,3
atcompany1740296460logoivmtechnicalconsultant,3
departments,3
toolsflow,3
atcompany1113133204890artboard4,3
ssischaefer,3
graphql,3
dtr,3
stabilization,3
nonsap,3
atcompany28453138341logo,3
70565,3
300200,3
420200,3
20180423t00,3
20180319t11,3
microelectronic,3
90100,3
faqs).provide,3
relatedwork,3
publicismedia,3
svp,3
alte,3
kantine_essenszulage,3
systempartitioning,3
isabella,3
invent,3
drop,3
20180405t07,3
ofp,3
turmburggasse,3
easytouse,3
neonsse,3
42,3
wikifolio,3
erdbergstraße,3
webbas,3
"29,4",3
javajee,3
ngs,3
getmimo,3
dienstleistungen,3
20180419t09,3
personalmanagement_gmbh,3
techstars,3
to_overpay,3
voestalpinestraße,3
mechanism,3
testfuch,3
4060,3
20180426t12,3
verfügung.randstad,3
followup,3
freier,3
bio,3
knillhof,3
quit,3
eur_2800,3
280100,3
enso,3
elearning,3
20180328t12,3
488,3
diabete,3
dennis,3
3653,3
540100,3
atcompany1056352998063unbenannt3,3
brünner,3
liebknechtstrasse,3
paten,3
pig,3
at(bewerben,3
analytical_conceptual,3
onetime,3
20180418t13,3
english_fluently,3
atcompany19072346337logoporscheinformatikgmbh,3
4031,3
datause,3
4,3
mimohello,3
crisis,3
saas_product,3
atcompany5096296667logovaceengineeringgmbhco,3
howto,3
sierning,3
jobtickettravel,3
engineeringinformatics,3
scada,3
linkresearchtool,3
baurgroup,3
latest,3
orand,3
vertical,3
470200,3
i.,3
parse,3
20180423t09,3
259,3
reliant,3
aviteus,3
ms,3
rbi).senior,3
mcc,3
microbial,3
bambinifashion,3
pandas,3
dogs,3
20180323t10,3
50200,3
96,3
bestpractice,3
employee_notebook,3
lagerbetriebe,3
essenszulage,3
eur42,3
coincidence,3
liquidity,3
wienerbergstr,3
dienstleistungs,3
insighthealth,3
7241,3
linguistic,3
debug,3
hutchison,3
targeting,3
110200,3
experimentation,3
retreat,3
contractor,3
bis,3
lunzerstrasse,3
attack,3
online!.,3
agile)experience,3
mongo,3
776,3
ybbs,3
svm,3
20180329t07,3
mechatronics,3
20180320t07,3
qt,3
awards,3
230200,3
2393,3
multibeam,3
sponsors,3
atcompany10132141721logo,3
766,3
atcompany155761320274logounitoversanddienstle,3
meteorological,3
20180416t07,3
nestle,3
peterbehrensplatz,3
ire,3
270200,3
businessintelligence,3
270,3
puls,3
htlfhuniversität,3
atcompany14755355611logostiwaholdinggmbh,2
860,2
6unit1,2
lannach,2
researchstudio,2
xe2x80x9ejourly,2
reverse,2
142,2
595,2
multithreadingconcurrency,2
273,2
mesos,2
20180412t12,2
alwayson,2
eur33,2
wutufh,2
ui5,2
ef,2
atcompany1128593093878logo,2
xe2x80x9we,2
consultanthrdata,2
mentorenprogramm,2
thinkingoutsideofthebox,2
295819,2
kundenmaschinenroboter,2
pensions,2
refactoring,2
railways,2
atcompany8246296900logosandvikminingandconstr,2
380200,2
kvminimum,2
1595,2
175,2
ccgood,2
havasmedia,2
daytoday,2
solariszones,2
4350304158802,2
20180430t09,2
rathner,2
biedi,2
gostudent,2
stallhofnerstrasse,2
analogmixedsignal,2
20180329t12,2
vorgartenstraße,2
relevant_certificate,2
seidengasse,2
bbms,2
fsdfood,2
boehm,2
ventumconsulting,2
crew,2
dhcp,2
anexiait,2
softdrink,2
20180423t08,2
navigation,2
crossorganizational,2
ichbinderherold,2
rcv,2
atcompany827173204122expbelogosshormcrgb,2
attacker,2
ceesee,2
manipulate,2
530100,2
feed,2
itand,2
startups,2
info,2
atcompany74563200921logogross,2
kelagkärntner,2
bidteam,2
bifrontend,2
fitness_facilities,2
universitytufh,2
.join,2
stiftgasse,2
telekomkv,2
vms,2
beteiligungsag,2
20180330t12,2
260200,2
timesensitive,2
squashbox,2
daysweek,2
25,2
wanted,2
mertonstyle,2
pruning,2
gmunden,2
javaexperience,2
2,2
securitization,2
bidata,2
sqldata,2
hydropower,2
fieldbus,2
hrsweek,2
riscsoftware,2
rbigroup,2
chillout,2
familyown,2
knorrbremse,2
999,2
atcompany24282755572logorhomberggruppe,2
rachel,2
jnjaustria,2
duder,2
e.,2
491a5,2
comparison,2
offers_company,2
mathematicsstatistics,2
customeroriented,2
91ii,2
98,2
aimsoftware,2
stuff,2
310200,2
antonova,2
a4060,2
crowdsensing,2
hexagongeospatial,2
698888038,2
ebusiness,2
32956,2
590200,2
leaving,2
650,2
intermediate,2
29a,2
stateof,2
officeat,2
ide,2
atcompany3599426230logoamsaustriamicrosystems,2
mutually,2
rout,2
mariadbmysql,2
il6s,2
20180313t16,2
leonhard,2
20180413t12,2
andritzgruppe,2
explorer,2
1836,2
multitude,2
truck,2
opernring,2
tolerate,2
1112a,2
20180413t08,2
390200,2
nlu,2
hainburger,2
thirdparty,2
capex,2
20180430t00,2
seamlessly,2
modification,2
ensos,2
atcompany78521248356logojmdatatelekomgmbh,2
apple,2
hydraulic,2
manipulation,2
arnulfplatz,2
bundesrechenzentrum,2
mariaanzbach,2
metroplatz,2
atcompany5710352844logodswarovskico,2
atcompany57853116797logo,2
qualificationcertification,2
370200,2
xm,2
vast,2
grapevineworld,2
atcompany57423202061agranarotgrosshr2,2
30,2
ratio,2
you,2
182,2
122top,2
20180322t16,2
himmelpfortgasse,2
150100,2
götzwiesenstraße,2
brandname,2
220200,2
addiko,2
html5css,2
20180403t00,2
resultdriven,2
martha,2
atcompany36063291039ktm,2
goto,2
financelinz,2
willistowerswatson.com,2
novarti,2
206b,2
154b3,2
ball,2
things)sound,2
6030,2
cuttingedgesolution,2
hacker,2
analysisbenchmarking,2
goesxc2xb4s,2
teamshandson,2
dept,2
descriptiontask,2
bregenzaustria,2
contracting,2
technologyproduct,2
roles,2
glue,2
op,2
20,2
suppliers,2
runthebank,2
parkplatz,2
familiarization,2
obst,2
sucessfactor,2
2281,2
solutionorient,2
schottenfeldgasse,2
mockups,2
letter_photo,2
appointmentduration,2
atmosphere.offer,2
atcompany527751865528logo,2
unitreu,2
cloudera,2
cryptographic,2
inout,2
environment.offer,2
careersite@philip,2
aiusecases,2
elektrotechnikmechatronikautomatisierungstech,2
aldi,2
3250,2
bristolmyers,2
a2522,2
1900,2
excelvba,2
judgment,2
karolingerstraße,2
photoshop,2
brunnen_1,2
elena,2
fachschule,2
en,2
gerstl,2
atcompany48053411891logokelagkrntnerelektrizi,2
20180405t09,2
ltd,2
microservices,2
20180326t09,2
semiconductors,2
yarn,2
3033,2
javaengineer,2
sandoz,2
success.swarovski,2
experience.support,2
904,2
salzburg_5071,2
satya,2
farm,2
maschinen,2
20180313t12,2
comjanssen,2
20180403t13,2
lv,2
sizmek,2
stl,2
3711226,2
half,2
factbased,2
52,2
20180404t11,2
phyton,2
softwarenentwicklungsges,2
sucht,2
openminded,2
eunational,2
performics,2
time_38,2
jnj,2
jmuvfdrq01,2
kranichberggasse,2
p.,2
4030,2
snacks_getränke,2
selfmotivated,2
inhouseposition,2
seattle,2
refractory,2
199,2
wehe,2
consultingsupport,2
cognitive,2
atcompany52289407448logoratbachergmbh,2
assesses,2
comsandvik,2
microchip,2
intergraph,2
projectsyou,2
functionsstrong,2
20180423t12,2
jobrocker,2
plaza,2
585,2
ger,2
martijn,2
atspdl,2
20180320t16,2
ersteam,2
autotrader,2
zulieferer,2
geyschlägergasse,2
simulator,2
vienna_vösendorf,2
educationadvanced,2
geoinformation,2
​​python,2
comdeat,2
selfservice,2
itbackground,2
region.offer,2
atcompany2004511047logomagna,2
märzstr,2
5230,2
practicesorganization,2
5_hour,2
44,2
funcorner_bildungskarenzauszeit,2
pd,2
tobelbader,2
hof,2
2487,2
lawyersandmore,2
​​tr069,2
knowledgeable,2
considerable,2
timing,2
193,2
blechturmgasse,2
400200,2
20180417t12,2
worldclass,2
460100,2
xe2x80x9estateoftheart,2
lower,2
xc3xa0,2
decouple,2
dietersdorf,2
fhwn,2
questionnaire,2
67b,2
mindestgehalt,2
40hweek,2
toptalent,2
health_fitness,2
demographic,2
standups,2
s.,2
10,2
290200,2
rbi).it,2
don,2
arbeitszeiten,2
virtualisation,2
asten,2
agreement.foster,2
450100,2
interconnect,2
py,2
414,2
zkwgroup,2
50811,2
workforce,2
150,2
est,2
spielwiese,2
orm,2
legally,2
itsecurity,2
rde,2
atcompany136633284271kapschlogoclaimrgb002,2
ado,2
windowsoffice,2
ample,2
infrastructureapplication,2
2224,2
1objekt,2
mercy,2
tires,2
technologist,2
20180425t09,2
61stair,2
47,2
20180406t08,2
249817,2
accomplished,2
großsiegharts,2
atcompany1100643173098logo,2
atcompany174733197555gtlogoprimarypantone268,2
911,2
samsung,2
languagesql,2
atcompany8034426690logohakomedvdienstleistung,2
npv,2
heidimaria,2
20180427t12,2
warter,2
2523,2
comma,2
recipe,2
0)1,2
490100,2
a1100,2
philip,2
adbsafegate,2
committedlust,2
atcompany221692582168balmungneuabnov12,2
usercentric,2
oncall,2
20180420t08,2
tooling,2
210200,2
db2,2
bisystem,2
a1010,2
datawarehouse,2
welding,2
hacklstreet,2
synatrace,2
louisepixc3xabchstraße,2
gastgewerbe,2
unterpremstätten,2
monthsorder,2
xc2xbbproduktionsmanagementxc2xab,2
switchgear,2
memorandum,2
semanticweb,2
20180409t00,2
wellbeing,2
3711236,2
belj8n187cnaa,2
rmipartner,2
atcompany32631304852logoiventathehumanmanagem,2
6868,2
stadlober@isg,2
englishknowledge,2
scientist_mw,2
preferentially,2
eso,2
20180410t15,2
cerny,2
virus,2
1503,2
ambassador,2
ibmdb2,2
associations,2
javascripttypescript,2
imsjobs@ims,2
p.s.k,2
youtu,2
690,2
activation,2
allowed,2
26th,2
bitool,2
implantable,2
431516,2
programme,2
resource_planning,2
personalize,2
stressresilience,2
risc,2
swarovskistraße,2
atcompany1057333191384schulmeistertechnik,2
imsjobs@im,2
kununu,2
atcompany2441363567logorobertboschag,2
boehringeringelheim,2
8101,2
oberstlepperdingerstreet,2
20180403t15,2
xe2x80x9ejetzt,2
widen,2
smoke,2
mathematician,2
servermessaging,2
attorney,2
isgcareer,2
schwarzenbergplatz,2
grossyear,2
570100,2
solidline,2
atcompany5927330061logoebnerindustrieofenbaug,2
plüddemanngasse,2
mondelezinternational,2
trummerengineering,2
expat,2
metallwarenindustrie,2
footprint,2
excited,2
iva,2
remaining,2
storaenso,2
atcompany17939355610logom2nconsultinganddevel,2
20180320t15,2
20180322t07,2
absolutely,2
costreduction,2
nwu,2
4373261122184,2
europlatz,2
diller,2
1236,2
sidebyside,2
nanotechnology,2
technikwien,2
microcontrollerbased,2
431214489499,2
analyststatist,2
767001,2
homegrown,2
wienerberger,2
miniaturization,2
resp,2
atcompany17281518826logoubimetgmbh,2
wellorganiz,2
trendmonitoring,2
3600,2
20180412t09,2
oce,2
comstahl,2
quantteam,2
employmentthis,2
48,2
atcompany62751945078logo,2
mitarbeiterdarlehen,2
javawebdevelopment,2
xe2x98xba,2
atcompany162002578208logo,2
atcompany11531082407logoengelaustriagmbh,2
815,2
performanceoriented,2
solr,2
419,2
20180404t15,2
securityengineering,2
ll,2
20180427t07,2
squibb,2
customtailored,2
sonar,2
cstllss,2
2400,2
agreeable,2
dlp,2
20180329t09,2
aviation,2
3192,2
universityuniversity,2
lidar,2
zollamtsstraße,2
smm,2
strategical,2
gaap,2
atcompany160251491339logoemarsysemarketingsys,2
atcompany39401565850logophilipsaustriagmbh,2
swengineering,2
friedrichwilhelmraiffeisenplatz,2
reapply,2
pcl,2
banker,2
dwhanalytics,2
laptops,2
göllnergasse,2
20180403t12,2
20180424t12,2
opening,2
20200,2
itprojekt,2
267,2
20180410t13,2
engineeringproduction,2
teamminded,2
genuinely,2
hacklstr,2
atcompany8663100454logos,2
20180323t07,2
fico,2
biomaterial,2
68114,2
atcompany156313196695logogross,2
generalist,2
20180314t10,2
lottery,2
employeesevents,2
facetoface,2
onstreet,2
sasva,2
eur43,2
engineerconsultant,2
fugger@isg,2
hermans,2
highlevel,2
atcompany14426343224logoporscheaustriagesmbhc,2
vrar,2
angels,2
focusing,2
patricia,2
ifrs9,2
120100,2
tobacco,2
1000,2
projects.provide,2
märzstraße,2
.they,2
mayr,2
ludwigengelstraße,2
100,2
atcompany584392990logoboehringeringelheimaust,2
comeygsacareer,2
obligate,2
nanotech,2
taxonomy,2
hamburger,2
potentialanalysis,2
snow,2
zeiteinteilung,2
htluni,2
prioritiz,2
clinching,2
donxc2xb4,2
likemind,2
convinced,2
profinet,2
gt,2
decisionmaking,2
tour,2
böhm,2
sqlquerie,2
atcompany522893312515logogross,2
nadella,2
20180404t09,2
customerspecific,2
20180319t15,2
cocacolahellenic,2
citizenship,2
576,2
660,2
rtdsgroup,2
warehousebi,2
sarah,2
478,2
1535,2
tourismus,2
atjnjmedical,2
sciencegeoinformatics,2
bike,2
​​security,2
heinzstoiserstraße,2
thomasklestil,2
debian,2
hightech,2
emcoworld,2
energyefficient,2
willi,2
"25,7",2
learningcomputer,2
20180419t07,2
1121,2
showcase,2
relate_salary,2
langen,2
serverclient,2
kinderbetreuung_mitarbeiterevents,2
screening,2
analyzes,2
hackathon,2
nanofabrication,2
wuestenrot,2
solutionsanalysis,2
40100,2
hypothesis,2
successoriented,2
mariahilfstrasse,2
atcompany6643393434logomedelelektromedizinisc,2
agreement_amount,2
wardhowell,2
persistenceteamplayer,2
sqoop,2
648,2
phython,2
hacklstrasse,2
nikolaiplatz,2
auto,2
comengjoinourteamopenposition,2
cvparsingtool,2
nestlxc3xa9,2
instrumentation,2
jacobi,2
ingenious,2
20180326t15,2
instal,2
designin,2
mxe2x80xa6,2
auditable,2
1object,2
interlock,2
sciencetelematics,2
enduser,2
comatjob,2
boehringergasse,2
atcompany172621375815logoventumconsultinggmbh,2
bigpicture,2
impairment,2
donaucitystreet,2
eur36,2
macbook,2
approachable,2
atcompany63593199609metrologo1m002,2
1711a,2
connections_education,2
corrugate,2
atcompany160333269410logo,2
simultaneous,2
digitize,2
karlfarkasgasse,2
2017!.,2
3690226,2
atcompany77793193685smeclogo,2
bbwien,2
verilogvhdl,2
bezahlung,2
520200,2
asic,2
guided,2
sonarqube,2
cnc,2
626,2
3716086,2
isgkarriereportal,2
20180330t07,2
137,2
6250,2
felde,2
educationexperience,2
1517,2
atarbeitsweltkvtabellenstatistikmindestloehne,2
cell_phone,2
wacht,2
sensengasse,2
riveting,2
testerin,2
subscription,2
avibit,2
2340,2
fahrzeugbau,2
ssas,2
hookipabiotech,2
ares,2
50100,2
mixpanel,2
informatik_gmbh,2
malfunction,2
atcompany518403194258todaylogogrnklein,2
impactit,2
listening,2
4311,2
490,2
6112,2
javaeenet,2
experienceinterest,2
jobs,2
a5330_fuschl,2
wien_1070,2
431537002504,2
technology?then,2
itspecialist,2
corresponding,2
offlineonline,2
eur2,2
mesmerizing,2
470100,2
ithelpdesk,2
511,2
adaptability,2
20180430t10,2
nowart,2
htmlcss,2
510100,2
664,2
fbautomation,2
executeability,2
20180328t13,2
lrt,2
28,2
webgui,2
chinese,2
fhbakk,2
20180329t15,2
3123,2
20180319t09,2
orchestrate,2
fhpflichtpraktikantinpraktikant,2
atcompany583191385schulmeisterfinance,2
jobs@parkbob,2
500100,2
hardwaresoftware,2
cyberattack,2
lifecylce,2
smalltime,2
analyzer,2
sight,2
hcsolution,2
diplommaster,2
20180404t08,2
welcomedays,2
managerdata,2
timetable,2
studied,2
cathrine,2
3,2
managementberatung,2
sharp,2
happen,2
30200,2
plugin,2
dohme,2
emarket,2
scraping,2
www2,2
cloudnative,2
servicecenter,2
tactic,2
designer_mf,2
bioethanol,2
alpinestraße,2
atcompany5464296688logoingdibaag,2
angelglobal,2
8740,2
elektrizitätsaktiengesellschaft,2
